{"width": 2272, "dist_coeff": [0.0, 0.0, 0.0, 0.0, 0.0], "camera_matrix": [[1741.556396484375, 0.0, 1136.0], [0.0, 1742.7972412109375, 639.0], [0.0, 0.0, 1.0]], "height": 1278}